vid,æ ‡é¢˜,å›¾ç‰‡é“¾æ¥,è§†é¢‘é“¾æ¥,upä¸»,upä¸»id,æ’­æ”¾æ•°,è¯„è®ºæ•°
BV1Mu4y1J73V,ä¸¥é‡çš„ç”µè·¯æ•…éšœå¾€å¾€éƒ½æœ‰å«é‡‘é‡è¾ƒé«˜çš„åŸå› ,http://i0.hdslb.com/bfs/archive/2c6a79b819a34062494d621aff450a0286febcc3.jpg,https://www.bilibili.com/video/BV1Mu4y1J73V,åŸé˜³ç”µå·¥ç”µè·¯,1985127693,4224799,15565
BV1Zy4y1w7qC,å­¦ç”Ÿï¼šæ•™ç»ƒç”¨å››å­—æˆè¯­å½¢å®¹ä¸€ä¸‹æˆ‘ä»¬         æ•™ç»ƒï¼šç™¾èŠ±é½æ”¾,http://i2.hdslb.com/bfs/archive/de29dff4fbbdd65b080c967bc7411d6a2ca5e9a8.jpg,https://www.bilibili.com/video/BV1Zy4y1w7qC,ç¬¨å°æµ·æ¶›,3546563601238834,3739295,1837
BV1d94y1V7dU,æˆ‘æ”»ç•¥äº†åŒå­¦çš„ç­ä¸»ä»»ï¼ï¼,http://i2.hdslb.com/bfs/archive/6202c21ec1f64b755adc65bc1514199bf1a58f36.jpg,https://www.bilibili.com/video/BV1d94y1V7dU,é€—æ¯”çš„é›€å·¢,5294454,2929334,6480
BV1xB4y1d7eS,çœ‹å®Œ10æœˆæ–°ç•ªï¼Œæˆ‘ç«‹åˆ»å‘ç™«ï¼ç«‹åˆ»å‘ç™«ï¼ã€æ³›å¼ã€‘,http://i2.hdslb.com/bfs/archive/63923ed38ef382d832fe97ba96d7b8c292eeef33.jpg,https://www.bilibili.com/video/BV1xB4y1d7eS,æ³›å¼,63231,2529109,14061
BV1gu4y1E7ji,æˆ‘çš„æœ‹å‹éƒ½ä»¥ä¸ºæˆ‘å¾ˆæœ‰é’±â€¦,http://i0.hdslb.com/bfs/archive/5701d39869ac013ff491d2f2cc070b4c45d67e11.jpg,https://www.bilibili.com/video/BV1gu4y1E7ji,å®¶ä¼Ÿçš„å±±é‡,3493131114777111,3660129,1870
BV1Ve41197Pq,å½“å¯„ç”Ÿè™«æ„ŸæŸ“ä¸Šäº†å¯„ç”Ÿè™«ï¼Œè°èƒ½èƒœå‡ºï¼Ÿ,http://i2.hdslb.com/bfs/archive/8578e320df38c915b7c1fc6826da7556befac9f1.jpg,https://www.bilibili.com/video/BV1Ve41197Pq,çºªå½•é¢‘é“Doc,3493111665789758,3270498,19202
BV1gB4y1d7d4,å°±è¦â€œåšâ€æŒ‘æˆ˜,http://i1.hdslb.com/bfs/archive/52101fafd8fbfd326bff850f1b45199c65250303.jpg,https://www.bilibili.com/video/BV1gB4y1d7d4,é«˜æ–¯Goh,3913194,1952316,12327
BV1SN411W74G,å¦‚ä½•åœ¨å®¶åˆ¶é€ å¯é£Ÿç”¨é¤å…·,http://i0.hdslb.com/bfs/archive/6ccd0c14c9c17bb7f6b700117f3368e1984a3433.jpg,https://www.bilibili.com/video/BV1SN411W74G,å˜¤æ­¦ç½—,349717298,2377605,5744
BV16M411X7A6,å°åº¦å…¬ä¸»å¦‚ä½•æˆä¸ºè‹±å›½ç‰¹å·¥ï¼Ÿã€ç¡¬æ ¸ç‹ äºº60ã€‘,http://i1.hdslb.com/bfs/archive/7ce0facf77b5767de62e4f3caf65e30f959e5d9a.jpg,https://www.bilibili.com/video/BV16M411X7A6,å°çº¦ç¿°å¯æ±—,23947287,1701540,17403
BV1Mj411v7Vy,ã€2023å…±åˆ›ä¹‹å¤œã€‘å®Œæ•´ç‰ˆå›æ”¾ï¼šæ¬¢è¿æ¥åˆ°ç‹è€…è£è€€,http://i2.hdslb.com/bfs/archive/3f9f5b4d05100e980f403cfd5a14691c1077f3f5.jpg,https://www.bilibili.com/video/BV1Mj411v7Vy,ç‹è€…è£è€€,57863910,6492404,7642
BV1GB4y1d7yv,å²ä¸Šæœ€å¼ºå°çƒèµ›2,http://i0.hdslb.com/bfs/archive/cfd297ebb826c115d921a6b5d9d93fc194d4c2e9.jpg,https://www.bilibili.com/video/BV1GB4y1d7yv,æœæµ·çš‡,178029850,1732406,14161
BV1Qg4y1d72Z,å› ä¸ºç”Ÿç†ç¾è€»ï¼Œæˆ‘è¢«ä¸€ç¾¤å°å­¦ç”Ÿå˜²ç¬‘äº†â€¦.,http://i0.hdslb.com/bfs/archive/8014b59c1257de3702102cf4367bf3e9bbc28d9a.jpg,https://www.bilibili.com/video/BV1Qg4y1d72Z,æ‹‰å®æ¡‘,11870568,1985631,5174
BV19c411o7os,ã€æ¯•å¯¼ã€‘13å¹´è¿‡å»äº†ï¼Œæˆ‘ç»ˆäºæ¯•ä¸šå•¦ï¼,http://i0.hdslb.com/bfs/archive/66b82921ae213a86752e02b892ff4df7c9897ab6.jpg,https://www.bilibili.com/video/BV19c411o7os,æ¯•å¯¼THU,254463269,3059189,15175
BV1jN4y1k7e5,ä¸Šè¯¾åšæ¢¦æ‰“çƒï¼Œ10ç§’å†…ç¬‘å¤±å£°ç³»åˆ—ï¼ï¼ï¼,http://i0.hdslb.com/bfs/archive/0acd17ae3201c3e4e68aba9e7f99ce48166a0cb4.jpg,https://www.bilibili.com/video/BV1jN4y1k7e5,No-Solutionç¯®çƒ,511575069,4067680,1989
BV1ZB4y1R7GE,ä¸€è¿›åŸæ‰çŸ¥é“æˆ‘çˆ¸è¿™ä¹ˆç«,http://i2.hdslb.com/bfs/archive/e47cd99d3addb9326255c8e80b0bb71512354a3d.jpg,https://www.bilibili.com/video/BV1ZB4y1R7GE,é¾™è…¾è™è·ƒé¾™å…½åŒ»,414700515,1907107,3117
BV19j411e71L,éª‘ç€ä¹°èœè½¦å»åˆ°å†…è’™å¤ï¼Œæ‰¾å›é‡æ–°å¼€å§‹çš„å‹‡æ°”,http://i0.hdslb.com/bfs/archive/68cc2209139c68aca238ca3588558948cc4f3b22.jpg,https://www.bilibili.com/video/BV19j411e71L,å°ç¼¸,1850720242,536534,18375
BV1EN4y167uS,å²ä¸Šæœ€ç‚«å›¢å»º,http://i0.hdslb.com/bfs/archive/64ed7f5f04a31498f185695c8a6298eefc924ccd.jpg,https://www.bilibili.com/video/BV1EN4y167uS,å°å‚²æƒ³ç¡è§‰,446430908,1031394,24400
BV1NQ4y1H7P6,å½“çŒ«å’–å‘˜å·¥æ˜¯ä¸ªcoserï¼Œæ˜¯ä»€ä¹ˆä½“éªŒï¼Ÿ,http://i2.hdslb.com/bfs/archive/1fd45851967f797e39760753133713c35b9e481d.jpg,https://www.bilibili.com/video/BV1NQ4y1H7P6,çŒ«ä¸ç†å’–å•¡,263090405,1714064,1581
BV1oN411W76d,åˆ›æ­»å¿ƒé‡Œæ¯ä¸€åªå°é¹¿,http://i1.hdslb.com/bfs/archive/93f78b240f458a3cb8579f07b52f57b9ec247df2.jpg,https://www.bilibili.com/video/BV1oN411W76d,-æ˜¾çœ¼å®-,34009507,3553132,3129
BV1B84y1R7YP,è¶…çŒ›è‚Œè‚‰çŒ›ç”·ï¼ç”·äººä¸ºæ•‘äº²å“¥å“¥ï¼Œä¸€äººè·¨å›½æ€ç¿»ä¸€ç¾¤æ­¹å¾’ï¼,http://i1.hdslb.com/bfs/archive/65ea1da71b659b83a8f5c63ce089ca76bdf830df.jpg,https://www.bilibili.com/video/BV1B84y1R7YP,æ‘©æ–¯ç¥æ¢,73528331,3637555,3105
BV1EH4y1r712,ä¸Šæµ·ä¸‡åœ£èŠ‚å˜ç™¾å˜å¤§å’–ç§€å¥½ç–¯ç™«ç¬‘æ­»æˆ‘äº†,http://i1.hdslb.com/bfs/archive/4f976daeaa1903218cf2ed7ccc05a0ce26d42cb0.jpg,https://www.bilibili.com/video/BV1EH4y1r712,ç™½æ—¥æ¢¦ä¸è¦é’±--,2053132439,3283831,5974
BV15w411q7cB,ç™¾æ­¥ç©¿æ¨,http://i2.hdslb.com/bfs/archive/03d47c4e3cf82403a134d0878263828e7bf1e05d.jpg,https://www.bilibili.com/video/BV15w411q7cB,å®å¤§å®å¼¹ç ,3546375409109865,2762540,4987
BV1Eu4y1E7wp,è®¨åŒèˆ”ç‹—,http://i2.hdslb.com/bfs/archive/8a642ecb0bf595bc38fcc2a45751f2a552734d61.jpg,https://www.bilibili.com/video/BV1Eu4y1E7wp,åˆ˜ç‚«i,17785708,7481422,48264
BV12M411D7hG,å¶é‡å¤§åŠ›ç‹çœŸäººï¼å¤ªéš¾èšŒäº†ï¼,http://i1.hdslb.com/bfs/archive/7c89e32cdbbe9a531b053811b01e386abbdcb2db.jpg,https://www.bilibili.com/video/BV12M411D7hG,çŸ­è…¿å°èåœ_babycarrot,349219867,2276102,406
BV1YC4y1n73K,â€œå‡ºæ¥æ··ï¼Œæ²¡ä¸€ä¸ªéš¾åŠçš„â€,http://i1.hdslb.com/bfs/archive/ad4f0537e8805b0943466fa01ea3d2705283416a.jpg,https://www.bilibili.com/video/BV1YC4y1n73K,æ¬§ä¸˜,392331008,2072933,861
BV1Mc411Z7VY,è‡´1000å¹´åï¼Œè¿™æ˜¯1215ä¸ªäººç•™ä¸‹çš„ä¿¡æ¯ã€‚,http://i1.hdslb.com/bfs/archive/cdb8c094fbec3838746a9f7e4b8646174ebbf414.jpg,https://www.bilibili.com/video/BV1Mc411Z7VY,å½±è§†é£“é£,946974,833346,3678
BV1dG411k7rE,145åº¦çš„æ²¹æ¸©ï¼æŠŠã€é³Œæ‹œé…¥ã€‘ä¸€æ”¾ä¸‹å»ï¼....å“ˆå“ˆå“ˆå“ˆå“ˆå“ˆå“ˆå“ˆå“ˆ,http://i1.hdslb.com/bfs/archive/aa33d0514462641319e13379ab320f925a316411.jpg,https://www.bilibili.com/video/BV1dG411k7rE,å¶å­å–OHYEZI,527057981,1081198,5414
BV1Da4y1Q7BW,çœ‹çœ‹æˆ‘åšçš„åˆ‡ç³•å€¼ä¸å€¼ä¸€å¥—æˆ¿ï¼Œä»Šå¤©å¸¦å¤§å®¶å®ç°åˆ‡ç³•è‡ªç”±,http://i2.hdslb.com/bfs/archive/4cd70bba692b3c712b812007533efd08b2cbf1e3.jpg,https://www.bilibili.com/video/BV1Da4y1Q7BW,æç»´åˆšçš„æ—¥å¸¸,3493260093819171,1600577,2145
BV13C4y1n7Qs,è‡³æ­¤ï¼Œå·²æˆè‰ºæœ¯,http://i0.hdslb.com/bfs/archive/5c108bd4bf0d3ccf14e1991b4063c50175a63c6e.jpg,https://www.bilibili.com/video/BV13C4y1n7Qs,ç¥å¥‡çš„å·…å³°,3461583101495313,1905933,4633
BV1cH4y1r7ZV,æœ€å’’æœ¯è¯¥æºœå­çš„ä¸€é›†,http://i2.hdslb.com/bfs/archive/2b799c26b0eeab8096f3176e6a4c2c99541f0830.jpg,https://www.bilibili.com/video/BV1cH4y1r7ZV,é—¨ä¹‹åŒ™Silve,226398,1490420,328
BV1cM41197ui,ã€Šå²è®°ã€‹åŸæ–‡å…¨è§£è¯»ï¼äºŒåå››å²ä¹‹é¦–ï¼Œç«Ÿç„¶å¦‚æ­¤å¥½çœ‹ï¼Ÿã€æ•…äº‹ã€‘01,http://i2.hdslb.com/bfs/archive/1537837be83418715716f3482701edee25f4cc07.jpg,https://www.bilibili.com/video/BV1cM41197ui,æœ¨é±¼æ°´å¿ƒ,927587,4152898,16615
BV1i84y1X7VU,å†æ—¶ä¸€ä¸ªæœˆï¼åªä¸ºè¯·ä½ ä»¬çœ‹ä¸€åœºä¸¤åƒå¤šå¹´å‰çš„â€œç”µå½±â€,http://i0.hdslb.com/bfs/archive/a1744d9cc4c3736b845a903658b5df3635a4e734.jpg,https://www.bilibili.com/video/BV1i84y1X7VU,å—ç¿”ä¸çˆ±åƒé¥­,596842980,727687,1868
BV1Rz4y1P7tY,é˜³å…‰ç«ç‘°ä»·æ ¼ä¸€è·Œå†è·Œï¼Ÿæ¶ˆè´¹è€…è¯¥é«˜å…´å—ï¼Ÿ,http://i2.hdslb.com/bfs/archive/0b1f484244e6051ff1f4eb2c72aeeef8b78a13a1.jpg,https://www.bilibili.com/video/BV1Rz4y1P7tY,å¤®è§†å†œä¸š,1343321779,1440560,3957
BV1Pj411v7f5,ç–¯ç‹‚çˆ†æ°ªèƒ½å¦åœ¨å’¸é±¼ä¹‹ç‹é‡Œç¡¬åˆšåœŸè±ªï¼Ÿ,http://i1.hdslb.com/bfs/archive/486b940d8f80ef20667bacd8d346032d3072ec7e.jpg,https://www.bilibili.com/video/BV1Pj411v7f5,ä¸€å®å½“çŒ«ä¸€,450882837,999084,1447
BV1Dg4y197Cf,å…³äºæˆ‘è¢«æ¯æ ¡ç™»ä¸Šä¼˜ç§€æ ¡å‹æ¦œè¿™ä»¶äº‹â€¦â€¦,http://i2.hdslb.com/bfs/archive/0170e948424bd4773cf90561f58bdb7eacf1d89e.jpg,https://www.bilibili.com/video/BV1Dg4y197Cf,ThurmançŒ«ä¸€æ¯,1217628212,2423785,2381
BV1Tg4y1R7Sg,åœ¨è‡ªå·±å©šç¤¼ä¸Šæ”¾ã€Šå¤§å‹çºªå½•ç‰‡ã€‹ï¼Œäº”æ˜Ÿä¸Šå°†éº¦å…‹é˜¿ç‘Ÿå€¾æƒ…å‡ºæ¼”,http://i0.hdslb.com/bfs/archive/5d66b2ddf4d914468b99bfe3ab63391d09733681.jpg,https://www.bilibili.com/video/BV1Tg4y1R7Sg,ä¹‹æ¶µå¤§æˆ˜Lå¤§è¶…,676251275,1625460,1875
BV1wa4y1X7zS,ğŸ”é¸¡åŸŸå±•å¼€ï¼Œåæ€åšå¾’ï¼,http://i2.hdslb.com/bfs/archive/d01dca78e9d0aa075e41c8e13851fe41d5882cbf.jpg,https://www.bilibili.com/video/BV1wa4y1X7zS,æµªè¿¹å¤©æ¶¯çš„å°å…‰,140415743,1243547,935
BV1Dz4y1P7fc,æ¼«å±•Vlogï¼šæ²³é‡åä¸ºä»€ä¹ˆå«ç¿ ç¿ ï¼Ÿï¼Ÿ,http://i0.hdslb.com/bfs/archive/f7153d4e1672941d7457b2a7a5cc31e52db4e42b.jpg,https://www.bilibili.com/video/BV1Dz4y1P7fc,æ²³é‡å,18343098,983678,1456
BV12a4y1Q7u1,ä¸»è§’æ‰æ˜¯BOSSï¼Œåæ´¾å´æ˜¯å¥½äººï¼Ÿè¿™æ¬¾18å¹´å‰çš„æ¸¸æˆç¥ä½œç«Ÿæœ‰éšè—ç»“å±€ï¼,http://i0.hdslb.com/bfs/archive/ef42f193ae79517d13ded4b84819b6eaf5d0b209.jpg,https://www.bilibili.com/video/BV12a4y1Q7u1,é€—æ¯”çš„é¢„è¨€å®¶,2941854,771200,5904
BV14u4y1Y7gZ,æˆ‘å°†æ•°åå¼ è¯•å·æ‹¼æ¥æˆäº†ä¸€å¼ è¯•å·,http://i2.hdslb.com/bfs/archive/de9fc344d1f47461ca002e2fabb14012b690206a.jpg,https://www.bilibili.com/video/BV14u4y1Y7gZ,é€¸ç©ºTOP,367245366,1632472,2685
BV1p94y1j7mH,24ä¸ªç¾é™¢äººç”»çŒ«,http://i1.hdslb.com/bfs/archive/12607270996ce643b5b547ea13dbd6c9f5528709.jpg,https://www.bilibili.com/video/BV1p94y1j7mH,ä¸€è¾£ä¸€è¾£hhh,1401096910,887637,2613
BV1Pe411R7dh,ã€ŠåŸç¥ã€‹æ¸©è¿ªè§’è‰²æ‰‹ä¹¦ã€Œä¸ºä½ å¥å“é«˜å¤©ä¹‹æ­Œã€,http://i1.hdslb.com/bfs/archive/e3f4226e7d9c38f51a5fa58080feabcd7d90597c.jpg,https://www.bilibili.com/video/BV1Pe411R7dh,æš—çŒ«ã®ç¥ç¦,888465,341445,867
BV1pw411z7bm,â€œä¸€å¼ æ‰“â€å·¥è‰ºåˆ°åº•æœ‰å¤šæƒŠè‰³ï¼ï¼ˆè§†é¢‘è¾ƒé•¿ï¼Œå¤§å®¶ä¸€å®šè¦çœ‹åˆ°æœ€åå“¦ï¼‰,http://i1.hdslb.com/bfs/archive/1b187b05019522eb86ed5a12a975152c33c33c1d.jpg,https://www.bilibili.com/video/BV1pw411z7bm,ç³æœ,313125611,1642100,6514
BV13g4y1o78n,è®¸å¤šå¹´åï¼Œä½ è¿˜ä¼šè®°å¾—è¿™äº›æ¢—å—ï¼Ÿ,http://i2.hdslb.com/bfs/archive/54b6b17921048b71dbe34f67104a8d3ad9e0232d.jpg,https://www.bilibili.com/video/BV13g4y1o78n,LuFee__,1288342148,760348,1283
BV1by4y1A7LN,åœ¨å­¦æ ¡çš„ä¸‡åœ£èŠ‚æ™šä¼šä¸ŠåŸç¥å¯åŠ¨ï¼Ÿï¼Ÿï¼Ÿï¼Ÿï¼Ÿï¼ˆå‘¨æœ«æ›´è§†é¢‘ï¼ï¼ï¼æˆ‘è¯´çš„ï¼ï¼ï¼ï¼‰,http://i2.hdslb.com/bfs/archive/7319a37894bd1f4a90fd68c633cc861f749f5e2a.jpg,https://www.bilibili.com/video/BV1by4y1A7LN,å°å­™ATOM,201488550,717379,1159
BV1XC4y1n7Qp,ã€STNå¿«æŠ¥ç¬¬ä¸ƒå­£34ã€‘å®Œè›‹æˆ‘è¢«å…­ä¸ªå¤©ä½¿åŒ…å›´äº†,http://i2.hdslb.com/bfs/archive/e78f0889ee1c0261c33489dbef01e02942b2abd7.jpg,https://www.bilibili.com/video/BV1XC4y1n7Qp,STNå·¥ä½œå®¤,7349,1097728,9685
BV1xu4y1h7z6,æŠ“å®Œè®©å¤§çˆ·ä¼¤å¿ƒçš„æ¯çŒ«ï¼Œå¾—åˆ°å¤§çˆ·çš„å¤¸å¥–ï¼Œç»§ç»­æŠ“æ¯çŒ«çš„å°å´½å­ä»¬,http://i0.hdslb.com/bfs/archive/c4415a197400d0c15ea7c7a9e93b4a0bbc4aba94.jpg,https://www.bilibili.com/video/BV1xu4y1h7z6,æœ¬å–µå«å…”å…”,508416316,892080,3743
BV1Sy4y1w7QM,ã€Šç‹è€…è£è€€ä¸–ç•Œã€‹6åˆ†é’Ÿå®æœºæ¼”ç¤ºå‘å¸ƒ-ã€Œä¸ºæˆ˜æ–—åŠ ç‚¹æ¶ä½œå‰§ã€,http://i0.hdslb.com/bfs/archive/3b5577dbfd0fcf6fa2177e6e08c44caa7030e0b6.jpg,https://www.bilibili.com/video/BV1Sy4y1w7QM,ç‹è€…è£è€€ä¸–ç•Œ,57435565,2790544,16670
BV1KQ4y1H7z6,è€æ¿çš„ç§è´§,http://i2.hdslb.com/bfs/archive/a7d40aa0f07dd46816decbf2ac86a9bf65a547d2.jpg,https://www.bilibili.com/video/BV1KQ4y1H7z6,çŠ€åˆ©æœ‰è¯è¯´,8549633,986166,28010
BV1Gc411Z7Wa,æˆ‘ï¼Œç‹ç»´ï¼Œäººé—´å¾ˆæ— è¶£ï¼Œå­‘ç„¶ä¸€èº«ï¼Œåˆæ€æ ·å‘¢ï¼Ÿ,http://i2.hdslb.com/bfs/archive/444928eccb4a3f88c9d92fc31bcea1eeba0f9ed6.jpg,https://www.bilibili.com/video/BV1Gc411Z7Wa,ä¸œå…´è‹Ÿåä¸‰,544291240,1153679,4021
BV14u4y1J7Sa,åèˆ”ä¸­å¿ƒAPPï¼Œä½ æœ‹å‹è‚¯å®šéœ€è¦è¿™ä¸ªï¼,http://i1.hdslb.com/bfs/archive/77062c6c18b4b4c26f7722248be28b8a024f7d7f.jpg,https://www.bilibili.com/video/BV14u4y1J7Sa,æ‘†è´§å°å¤©æ‰,549772707,1472276,486
BV18a4y1X7jw,å¤§ä»™ä½“éªŒæ¸¸æˆâ€œå®Œè›‹ï¼Œæˆ‘è¢«ç¾å¥³åŒ…å›´äº†â€ï¼ï¼,http://i2.hdslb.com/bfs/archive/07af4cf5ec3caeeea7d8d862cef23a046ff4d0b0.jpg,https://www.bilibili.com/video/BV18a4y1X7jw,æŒ‡æ³•èŠ¬èŠ³å¼ å¤§ä»™,1935882,1593372,8830
BV1ch4y1q7Zd,ã€çˆ†è‚ã€‘æŒ‘æˆ˜åœ¨ä¸€ä¸ªåŒºå—é‡Œç”Ÿå­˜100å¤©ï¼Œç›´æ¥æŒ–ç©ºï¼,http://i2.hdslb.com/bfs/archive/e316ca0cf5c69945438671b097546a8bbd64656b.jpg,https://www.bilibili.com/video/BV1ch4y1q7Zd,å²è’‚çŒªStevenPig,390527713,2698385,4063
BV1mu4y1E7uB,é“¶å…«è€å¸ˆå¦‚ä½•çœ‹å¾…äº”æ¡æ‚Ÿè¢«è…°æ–©çš„ã€‚ã€‚ã€‚ç­‰ç­‰ä½ è¯´ä»€ä¹ˆï¼Ÿï¼Ÿï¼Ÿï¼Ÿï¼Ÿï¼Ÿï¼Ÿï¼Ÿï¼Ÿï¼Ÿï¼Ÿï¼Ÿï¼Ÿï¼Ÿï¼Ÿï¼Ÿ,http://i2.hdslb.com/bfs/archive/3d18e2bc062e26f300cba22176ccf0d8037c614e.jpg,https://www.bilibili.com/video/BV1mu4y1E7uB,éƒ¨é•¿buchoo,596429587,784338,885
BV1su4y1E7RU,ï¼»è„±å£ç§€ï¼½é«˜ä¸­ç”Ÿï¼Œä½†æ˜¯ä¸€ä¸Šè¯¾å°±ç¡æ­»ï¼Œæ•‘å‘½ï¼å•Šå•Šå•Šå•Šå•Šå•Šå•Šå•Š,http://i2.hdslb.com/bfs/archive/7123ba56df581510a7c539238824469f3f33e938.jpg,https://www.bilibili.com/video/BV1su4y1E7RU,ä¸ªå¤§æ´»äºº,1523137531,720602,800
BV1Vw411q7AN,å®åœ¨æ˜¯è·‘ä¸åŠ¨äº†,http://i1.hdslb.com/bfs/archive/35fc731555196d50c98da448c9df737aa5e952f9.jpg,https://www.bilibili.com/video/BV1Vw411q7AN,Jackè€è”¡,399151391,2551874,1189
BV1gc411f7MT,å½“å¼±æ™ºå§å‡ºç°è¯—äººï¼ˆåˆé›†ï¼‰,http://i0.hdslb.com/bfs/archive/bbe70cef1aa3196e2667ee9899c392b618dbf590.jpg,https://www.bilibili.com/video/BV1gc411f7MT,å¼±æ™ºå§è¯—äºº,38650338,752944,567
BV1qM411X739,å¤©å†·äº†ï¼Œå¤§å®¶å¤šç©¿è¡£æœï¼,http://i1.hdslb.com/bfs/archive/805610096741e7d3d487d21a66b8af4de677449e.jpg,https://www.bilibili.com/video/BV1qM411X739,è„±ç¼°å‡¯Kk,373388923,1921051,2824
BV1rQ4y1H7Yw,è½¬åœºåˆé›†2,http://i0.hdslb.com/bfs/archive/35892feda8632e2f376f628871e8125808a59a7d.jpg,https://www.bilibili.com/video/BV1rQ4y1H7Yw,Tigerè¥¿è¥¿,1986039004,1148065,924
BV1vu4y1h7HT,è¢«åŸ‹ï¼åœŸé‡Œï¼è‡ªå·±å»ºçš„çªï¼Œçªç„¶å…¨å¡Œäº†ï¼,http://i0.hdslb.com/bfs/archive/086f284dc101761f6f8cf575f9c3045dc6cd9999.jpg,https://www.bilibili.com/video/BV1vu4y1h7HT,å°çªçªå¯»å®è—,1146280645,1831054,1635
BV1A94y1574a,ã€å²å›ã€‘æ¸…å®˜åœ¨å¤§æ®¿ä¸Šæ­å‡ºåŒå±‚ç²®ä»“ï¼Œæ­ç©¿è´ªå®˜çš„é˜´è°‹ï¼Œä¹¾éš†å½“åœºæš´æ€’ï¼,http://i1.hdslb.com/bfs/archive/ab254005abea80b492ed789e8fa62f6c154820c3.jpg,https://www.bilibili.com/video/BV1A94y1574a,å²å›è¯´å‰§,513413104,2278430,3004
BV1wc411f7mB,â€œå¤©æ‰çš„å¯è´µï¼Œæ°¸è¿œå¿ƒå¦‚æ­¢æ°´â€,http://i1.hdslb.com/bfs/archive/8cd9144aebcc1bb01ecad0f7f2aa71fc44c0d1a9.jpg,https://www.bilibili.com/video/BV1wc411f7mB,æ¬£äº¦ç„¶ç¬,50991285,825027,518
BV1sH4y1z7xm,âš¡ç» é£Ÿ æµâš¡,http://i0.hdslb.com/bfs/archive/73464c3edb4867d518896f6b0ac05e29dd5d133b.jpg,https://www.bilibili.com/video/BV1sH4y1z7xm,äº®_Sama,412630000,1336452,370
BV1wQ4y1p7WW,åå†œå…„å¼Ÿï¼šç è±¡è‰å–‚ç¾Šï¼Œå‘ç°åªèƒ–ç«¹é¼ ï¼Œç»™å®ƒæä¸ªæ¼‚äº®æˆ¿å­,http://i1.hdslb.com/bfs/archive/898fe4356def1530650807e6fc1f0c971b1bdc86.jpg,https://www.bilibili.com/video/BV1wQ4y1p7WW,åå†œå…„å¼Ÿ,250858633,1511911,39906
BV16c411f7Pk,æå±ï¼å¥³å‹åŒæ—¶é€æˆ‘2ä¸‡ç”µè„‘å’Œäº²æ‰‹ç»‡çš„å¸½å­â€¦æˆ‘è¯¥é€‰å“ªä¸ªï¼Ÿ,http://i2.hdslb.com/bfs/archive/f2ef775afb82e7e22d1d6651d8e304b92b96457b.jpg,https://www.bilibili.com/video/BV16c411f7Pk,ç›–é‡Œè€å“¥,285571498,756438,4243
BV1ah4y1B7Pf,ã€çº³è¥¿å¦²ç”Ÿæ—¥ä¼šã€‘ä¸‡äººå¤§åˆå”±ã€Šæˆ‘ä¸æ›¾å¿˜è®°ã€‹,http://i1.hdslb.com/bfs/archive/06b4ac471638e0d5d64adaa0afc4bc1dabc9bcd9.jpg,https://www.bilibili.com/video/BV1ah4y1B7Pf,çº³è¥¿å¦²ç›¸å…³æ”¶é›†ç«™,3493075571706845,672510,4363
BV18w411q7zH,åœ¨éŸ©å›½åƒéº»è¾£çƒ«ï¼Œæ€¥å¤´ç™½è„¸åƒä¸€é¡¿å¾—å¤šå°‘é’±ï¼Ÿ,http://i1.hdslb.com/bfs/archive/0232b6fcba211a32b0304d89a3ecf277b98a1866.jpg,https://www.bilibili.com/video/BV18w411q7zH,ç†æŸ¥ä¸ä¼šé™è½,101682188,940978,1715
BV1bN4y1675M,æˆ‘æŠŠæ¯ä¸ªå­©å­éƒ½å½“æˆäº²ç”Ÿçš„,http://i2.hdslb.com/bfs/archive/c63907b6e4e187dee988f35b172968aeffe99338.jpg,https://www.bilibili.com/video/BV1bN4y1675M,èŠ±å°‘åŒ—ä¸¶,2206456,603193,6016
BV1tN4y167px,ä¸Šæµ·ä¸‡åœ£èŠ‚äººå‡å‘ç–¯çš„ç²¾ç¥çŠ¶æ€å“ˆå“ˆå“ˆï¼ï¼,http://i2.hdslb.com/bfs/archive/a5b240fa3261998b2c7fc429d01a46889db5aaec.jpg,https://www.bilibili.com/video/BV1tN4y167px,åˆ˜æ˜”æ˜”æ˜”,51196625,1759601,1883
BV1KB4y1d79Q,é‡å¤–æ± å¡˜æ‰¾åˆ°æ°´ä¸­å¤ç¢‘ï¼ä¸‹å»åå‘ç°ç«Ÿæ˜¯700å¹´å‰çš„äºŒå“å¤§å®˜ï¼,http://i0.hdslb.com/bfs/archive/d0c64cf3d33acb173e2587cf5d9f06d97cd4164f.jpg,https://www.bilibili.com/video/BV1KB4y1d79Q,é€¸æ˜è’é‡æ¢å¢“,339937042,1404083,1755
BV1YH4y1r787,å°æ½®teamæ‰“å°çƒè®¤çœŸç‰ˆ,http://i2.hdslb.com/bfs/archive/d1f892dc65edf936a4f138953b4c60768bd4a2ab.jpg,https://www.bilibili.com/video/BV1YH4y1r787,å°æ½®team,623906369,731495,7044
BV1bG41117Cq,å¤ªä¹…æ²¡æ´—ç”µé¥­é”…ï¼Œé‡Œé¢å­•è‚²å‡ºäº†ä¸€ä¸ªæ–‡æ˜â€¦,http://i2.hdslb.com/bfs/archive/4570478b1503ac884faeca7edb2bbc9f6c2e6620.jpg,https://www.bilibili.com/video/BV1bG41117Cq,æ‰“æ³¥æ³¥,357229416,1044308,6819
BV1iB4y1d7W8,äº¤ ç•Œ åœ° å² æ¹¿,http://i0.hdslb.com/bfs/archive/1ced1a7e8132ceee62e2fc4a5b9ef96927779553.jpg,https://www.bilibili.com/video/BV1iB4y1d7W8,æ³ é£kaze,1728547,884248,1299
BV1Gc411Z7ct,è€å¸ˆåµæ¶æ—¶çš„å°´å°¬ï¼ˆçœŸçš„è¶…è¶…è¶…çº§æ— æ•ŒçœŸå®å“‡ï¼‰,http://i0.hdslb.com/bfs/archive/fd980c3355e108cec932f6eb9ed59e970d643fbb.jpg,https://www.bilibili.com/video/BV1Gc411Z7ct,è§æ­åŒå­¦,68439967,1953723,536
BV1Wc411f79E,å¤åŸä¸€åœºä¸–ç•Œä¸Šæœ€å¤è€çš„ç”µå½±ï¼Œå¸¦ä½ å»çœ‹å¤äººæœ€åˆçš„æµªæ¼«ï¼Œçš®å½±æˆ,http://i0.hdslb.com/bfs/archive/f511d42713ea4a442e7a60054e926e873d5b6a17.jpg,https://www.bilibili.com/video/BV1Wc411f79E,æ±Ÿå¯»åƒ,1895195099,381451,2171
BV1Ty4y1A7jC,äººç”Ÿå°±åƒä¸€æœ¬ç©ºç™½çš„ç¬”è®°ï¼Œå–„è‰¯ä¸å¦å…¨ç”±ä½ è‡ªå·±ä¹¦å†™ï¼Œ9.3åˆ†è¶…æ²»æ„ˆç”µå½±ã€Šæµ·è’‚å’Œçˆ·çˆ·ã€‹,http://i1.hdslb.com/bfs/archive/bf7e74fd1e6b4b686c10e055a087edcee53eff7e.jpg,https://www.bilibili.com/video/BV1Ty4y1A7jC,é¡¾æˆ‘ç”µå½±,1119253352,2449288,5921
BV11y4y1w7pL,ğŸ˜¨èµ„æœ¬å®¶æœ€è®¨åŒçš„ç™½å«–æ€ªé•¿ä»€ä¹ˆæ ·ï¼Ÿï¼,http://i1.hdslb.com/bfs/archive/6fc289b58e8afce36526b13531398f87153f1e68.jpg,https://www.bilibili.com/video/BV11y4y1w7pL,Gitæºå®,38061207,736339,1572
BV1Sc411R7fE,è´·æ¬¾å¹¿å‘Šç»™è€å­æ­»,http://i1.hdslb.com/bfs/archive/7cd0509c0635971f272771975d386ab7f685b1c5.jpg,https://www.bilibili.com/video/BV1Sc411R7fE,å«æˆ‘æ­»ç›–å°±å¥½,1241806378,851392,1750
BV1Fy4y1A7AR,ä¸“æ€å¥½äººçš„é“å¾·ä¹‹å‰‘ï¼Œæ¯”æ³•å®¶å•†é…æ›´åŠ å¯æ€•ï¼Œé“å®¶çœ¼ä¸­çš„äººæ€§çœŸç›¸â€¦,http://i2.hdslb.com/bfs/archive/d046ae47eb159470980e7830cf86e293cb6f5b9a.jpg,https://www.bilibili.com/video/BV1Fy4y1A7AR,ç™½åŒå­¦å“Ÿ,576495645,673540,2334
BV1SQ4y1H7gQ,å½“çˆ¶æ¯æ¥åˆ°ä½ çš„åŸå¸‚,http://i2.hdslb.com/bfs/archive/d9d22d565e933e6d5d061c94feaebd60db1f2a59.jpg,https://www.bilibili.com/video/BV1SQ4y1H7gQ,æ´¾å°è½©,1614789471,1849235,416
BV1Lw411q7QD,æ¹¾é³„å°æ²³å»ä¸–ï¼Œæ•‘æ²»è¿‡ç¨‹å¤ç›˜ï¼Œä¹Ÿè®¸æ˜¯æ’¬åŠ¨åŠ¨ç‰©å›­ä½æ•ˆç®¡ç†çš„å…ˆé©±,http://i0.hdslb.com/bfs/archive/9669e02ebe444315c6b04aba244a9b1a860d53c8.jpg,https://www.bilibili.com/video/BV1Lw411q7QD,çˆ¬è¡Œå¤©ä¸‹,35853609,983298,8087
BV1C84y1R7gn,å‡å¦‚æ˜Ÿç©¹é“é“é‡Œçš„è§’è‰²ä¹Ÿæ‹çŸ­è§†é¢‘,http://i1.hdslb.com/bfs/archive/0765ec2fe94b1ce88c18c1d3997490db02d847af.jpg,https://www.bilibili.com/video/BV1C84y1R7gn,ç«ç³»èƒŒåçš„çˆ¹,360680503,861301,1127
BV1cy4y1A7eo,èµ›  åš  å¦  å¿  æœ¯,http://i1.hdslb.com/bfs/archive/c957dc8ef115ba278dd71c8be99b3f327e772669.jpg,https://www.bilibili.com/video/BV1cy4y1A7eo,ç‘„ç¾½çŒ«,431233688,1250743,593
BV1zN4y1k7Z1,å²ä¸Šæœ€æ‰“åŠ¨äººå¿ƒçš„æ¸¸æˆï¼Œç©è¿‡çš„äººéƒ½è‡´éƒäº†ï¼,http://i0.hdslb.com/bfs/archive/c5527ea8ab68c6dbdef569ed5be05fd6428c083a.jpg,https://www.bilibili.com/video/BV1zN4y1k7Z1,æ˜æœˆæ²§æ¾œ,36789537,2793471,2808
BV1NN411s7MX,ä½ è¿™ä¸ªå˜æ€ï¼,http://i1.hdslb.com/bfs/archive/f30080bb475c83645df2daa1f133b745f4cb4abc.jpg,https://www.bilibili.com/video/BV1NN411s7MX,ä¸€é¢—å°å…”å¨˜,498099165,1316197,943
BV1Xa4y1Q7Pi,æ¨ä¸€å—å†°ï¼Œç›´åˆ°èåŒ–æ¶ˆå¤±,http://i1.hdslb.com/bfs/archive/904ee3e2970c686250d562cf8d82fec78f21d47d.jpg,https://www.bilibili.com/video/BV1Xa4y1Q7Pi,æ²¡é‚£ä¹ˆå¤ªå¤,404051928,1294945,5181
BV1Ec411f7bx,å°‘å•†ç©´,http://i0.hdslb.com/bfs/archive/7f04316f3271990e4d9b3b7c2ae5647ec63d0885.jpg,https://www.bilibili.com/video/BV1Ec411f7bx,åŒ»è€…æ­£å¿ƒ,2142394537,1530966,1135
BV1eu4y1Y7es,ä½ ä»é•¿çœ ä¸­é†’æ¥ï¼Œå´å‘ç°é’æ¢…ç«¹é©¬æ—©å°±å·²ç»å«äºº,http://i0.hdslb.com/bfs/archive/339bdf6a905b64b52b9e2f02008a76a8fd75baef.jpg,https://www.bilibili.com/video/BV1eu4y1Y7es,åœ†æ¡ŒåŠ¨æ¼«,654552,1061282,2419
BV1Kc411f7tY,æ·±åº¦|| ç‹è½ç¯¡æ±‰ï¼ŒæƒåŠ›çš„é¥­åœˆé¬¼æ‰ï¼Œæˆç²¾çš„è‰ºæœ¯äººç”Ÿï¼Œå²ä¸Šæœ€ç‰›çˆ±è±†çš„å°ç¥ä¹‹è·¯,http://i2.hdslb.com/bfs/archive/e53774adec8c6b9244daa1e40fa81eef2295d4cb.jpg,https://www.bilibili.com/video/BV1Kc411f7tY,æ¸¤æµ·å°å,504934876,724280,10294
BV1q94y157B2,ã€æ¼«å¨å›å¿†å½•ã€‘ç¾å›½é˜Ÿé•¿ï¼Œä¸€ä½çº¯çˆ±æˆ˜å£«çš„ä¸‰ç”Ÿä¸‰ä¸–,http://i2.hdslb.com/bfs/archive/4082612047c436562bedd63065463f93572b0602.jpg,https://www.bilibili.com/video/BV1q94y157B2,åŠªåŠ›çš„Lorre,7487399,538802,1804
BV17G411C7PZ,ã€TFå®¶æ—ã€‘ã€Šæ­å–œä½ å‘ç°äº†å®è—ã€‹ï¼ˆç¬¬äºŒå­£ï¼‰EP5ï¼šæ‘åº„å°é™¢çš„å¤œæ™š,http://i1.hdslb.com/bfs/archive/6e4113759c6a5cc46cfc4867fa22a733987b851e.jpg,https://www.bilibili.com/video/BV17G411C7PZ,TFå®¶æ—,3670216,885879,143392
BV11Q4y1H7Gn,ä½ ä¸ºä»€ä¹ˆä¸å»å½“è€æ¿ï¼Œæ˜¯å› ä¸ºä¸å–œæ¬¢å—,http://i2.hdslb.com/bfs/archive/862c08ab916f44f07674d97b3ed25a805ea5590c.jpg,https://www.bilibili.com/video/BV11Q4y1H7Gn,æ˜¯è€èƒ¡æ²¡é”™,31012715,802029,1460
BV19Q4y1H7zh,ã€è¶Šè¥¿ä¹å¤§ç¢—ã€‘ä¸Šè¿‡å¤®è§†çš„éé—å®´å¸­ï¼Œåˆ°åº•æœ‰å¤šé¦™ï¼Ÿ,http://i1.hdslb.com/bfs/archive/b87f6624d1dd178244ecec1a8992c83b40e62dc9.jpg,https://www.bilibili.com/video/BV19Q4y1H7zh,æ—¥é£Ÿè®°,8960728,551441,2457
BV1zB4y1d7xP,ã€Šçº¦ä¼šæ¨¡æ‹Ÿå™¨ã€‹ç©è¿‡æ²¡ï¼Ÿ,http://i2.hdslb.com/bfs/archive/dc18d660c479df8c900630fe622d0bbe88c9c8ec.jpg,https://www.bilibili.com/video/BV1zB4y1d7xP,å¾å¤§è™¾å’¯,13354765,655280,4261
BV1Bj411e79b,ã€å°å¼Ÿå­¦æ ¡ç¯‡ã€‘é›¶ é£Ÿ çš„ æˆ˜ äº‰ ï¼,http://i1.hdslb.com/bfs/archive/75cc8e1f7ddcfa2e557a3d6624b3889e2d61c386.jpg,https://www.bilibili.com/video/BV1Bj411e79b,æ˜Ÿæœ‰é‡,627888730,765068,846
BV1fG411C7aq,é‰´å®šç½‘ç»œçƒ­é—¨æ®¡è‘¬ç”µå½±ç¬¬äºŒå¼¹,http://i1.hdslb.com/bfs/archive/7de9da634cbdfc0d437d499c38a0a8db7a6c6007.jpg,https://www.bilibili.com/video/BV1fG411C7aq,æ±¤æœ¨æª€æ³½,86205301,758784,1684
BV1Rh4y1i7Gh,ã€åˆé›†ã€‘çœ‹ç«å½±çš„å’Œçœ‹JOJOçš„éƒ½æ²‰é»˜äº†.........,http://i2.hdslb.com/bfs/archive/7b87f3dbce5403a136c97c796e5f77a7c4d98ba0.jpg,https://www.bilibili.com/video/BV1Rh4y1i7Gh,-å¤ç§‹å†¬-,601674546,691092,1192
BV1uj411e7WK,ã€ç‰¹æ•ˆå‘ã€‘Powerç‹—vsHuhçŒ«,http://i1.hdslb.com/bfs/archive/7816846ff7b6dc13447cb46f3ef9f51c97ce5980.jpg,https://www.bilibili.com/video/BV1uj411e7WK,è±ªè¨€ã®ç»ç†,22770727,680817,1567
BV1og4y1d76S,ã€Šæœ›æœˆã€‹å®æœºæ¼”ç¤º | é€†ä¸–å€¾è¡Œï¼Œå¯»å¸¸å°½é¢ ã€‚,http://i2.hdslb.com/bfs/archive/d528c932d0bb55c674c7fa9c1a94349e73713b9f.jpg,https://www.bilibili.com/video/BV1og4y1d76S,æœ›æœˆæ¸¸æˆ,3546390615559007,2063156,10199
BV1Tj411e7iR,ã€æœ€å¼ºå”åƒ§ã€‘ä¸€ä¸ªèƒ½æ‰“çš„å¦–æ€ªéƒ½æ²¡æœ‰ï¼,http://i2.hdslb.com/bfs/archive/9c6263cc45a1d305602d7ac8a095c96d68619369.jpg,https://www.bilibili.com/video/BV1Tj411e7iR,ä¸‰æœ¨åˆƒ,11997177,1254756,2114
